Ticker,Company
FFIE,Faraday Future Intelligent Electric Inc.
RENT,"Rent the Runway, Inc."
LASE,Laser Photonics Corporation
STBX,Starbox Group Holdings Ltd.
ZEPP,Zepp Health Corporation
OSS,"One Stop Systems, Inc."
SMXT,"SolarMax Technology, Inc."
HYMC,Hycroft Mining Holding Corporation
PRPH,"ProPhase Labs, Inc."
GODN,Golden Star Acquisition Corporation
DRRX,DURECT Corporation
MARX,Mars Acquisition Corp.
CPTN,"Cepton, Inc."
BCOW,"1895 Bancorp of Wisconsin, Inc."
CRWS,"Crown Crafts, Inc."
FLNT,"Fluent, Inc."
ANEB,"Anebulo Pharmaceuticals, Inc."
UCL,Cloudlink Group Inc.
AWRE,"Aware, Inc."
KULR,"KULR Technology Group, Inc."
PRTS,"CarParts.com, Inc."
KTCC,Key Tronic Corporation
ALSA,Alpha Star Acquisition Corporation
FKWL,Franklin Wireless Corp.
SWVL,Swvl Holdings Corp.
VSAC,Vision Sensing Acquisition Corp.
HSON,"Hudson Global, Inc."
RPHM,"Reneo Pharmaceuticals, Inc."
BATL,Battalion Oil Corporation
RAND,Rand Capital Corporation
CMBM,Cambium Networks Corporation
BDL,"Flanigan's Enterprises, Inc."
CPBI,"Central Plains Bancshares, Inc."
EHGO,Eshallgo Inc.
MKFG,Markforged Holding Corporation
NISN,"Nisun International Enterprise Development Group Co., Ltd"
FEAM,"5E Advanced Materials, Inc."
ZDGE,"Zedge, Inc."
CREX,"Creative Realities, Inc."
NINE,"Nine Energy Service, Inc."
MNY,MoneyHero Limited
RECT,Rectitude Holdings Ltd
NTZ,Natuzzi S.p.A.
SHOT,"Safety Shot, Inc."
PRT,PermRock Royalty Trust
RLYB,Rallybio Corporation
HOUR,"Hour Loop, Inc."
TRSG,Tungray Technologies Inc.
BODI,"The Beachbody Company, Inc."
BNIX,Bannix Acquisition Corp.
BWEN,"Broadwind, Inc."
ISDR,Issuer Direct Corporation
APYX,Apyx Medical Corporation
INTE,Integral Acquisition Corporation 1
NSTS,"NSTS Bancorp, Inc."
ICMB,"Investcorp Credit Management BDC, Inc."
KACL,Kairous Acquisition Corp. Limited
PPSI,"Pioneer Power Solutions, Inc."
FORL,Four Leaf Acquisition Corporation
GLST,"Global Star Acquisition, Inc."
RGS,Regis Corporation
AHT,"Ashford Hospitality Trust, Inc."
ASRV,"AmeriServ Financial, Inc."
ATRA,"Atara Biotherapeutics, Inc."
DXR,Daxor Corporation
ARKR,Ark Restaurants Corp.
AADI,"Aadi Bioscience, Inc."
IGTA,Inception Growth Acquisition Limited
PDYN,Palladyne AI Corp.
YOTA,Yotta Acquisition Corporation
AXDX,"Accelerate Diagnostics, Inc."
BLAC,Bellevue Life Sciences Acquisition Corp.
CMCT,Creative Media & Community Trust Corporation
AKTX,"Akari Therapeutics, Plc"
BSLK,"Bolt Projects Holdings, Inc."
OPHC,"OptimumBank Holdings, Inc."
SYT,"SYLA Technologies Co., Ltd."
DWSN,Dawson Geophysical Company
CFSB,"CFSB Bancorp, Inc."
CLNN,Clene Inc.
LUCD,Lucid Diagnostics Inc.
NOVV,Nova Vision Acquisition Corporation
ACAC,Acri Capital Acquisition Corporation
LVTX,LAVA Therapeutics N.V.
INLX,"Intellinetics, Inc."
IDN,"Intellicheck, Inc."
FBIO,"Fortress Biotech, Inc."
OCX,OncoCyte Corporation
PASG,"Passage Bio, Inc."
CTRM,Castor Maritime Inc.
NICK,"Nicholas Financial, Inc."
BGFV,Big 5 Sporting Goods Corporation
TCBS,"Texas Community Bancshares, Inc."
OWLT,"Owlet, Inc."
SJ,Scienjoy Holding Corporation
CCLD,"CareCloud, Inc."
ELTX,"Elicio Therapeutics, Inc."
GENK,"GEN Restaurant Group, Inc."
NAII,"Natural Alternatives International, Inc."
CARM,"Carisma Therapeutics, Inc."
DMYY,"dMY Squared Technology Group, Inc."
EYEN,"Eyenovia, Inc."
TACT,TransAct Technologies Incorporated
RVPH,"Reviva Pharmaceuticals Holdings, Inc."
USIO,"Usio, Inc."
KZR,"Kezar Life Sciences, Inc."
NEUE,"NeueHealth, Inc."
RCON,"Recon Technology, Ltd."
SYRS,"Syros Pharmaceuticals, Inc."
BNAI,"Brand Engagement Network, Inc."
PET,Wag! Group Co.
NXTC,"NextCure, Inc."
HUIZ,Huize Holding Limited
AIXI,Xiao-I Corporation
PLBY,"PLBY Group, Inc."
SWIN,Solowin Holdings
RDI,"Reading International, Inc."
FSEA,"First Seacoast Bancorp, Inc."
FGEN,"FibroGen, Inc."
INTG,The InterGroup Corporation
ALUR,Allurion Technologies Inc.
MATH,Metalpha Technology Holding Limited
KORE,"KORE Group Holdings, Inc."
CODX,"Co-Diagnostics, Inc."
DUET,DUET Acquisition Corp.
ECDA,"ECD Automotive Design, Inc."
TARA,"Protara Therapeutics, Inc."
ICAD,"iCAD, Inc."
DRCT,"Direct Digital Holdings, Inc."
ELEV,"Elevation Oncology, Inc."
RFIL,"RF Industries, Ltd."
ESLA,"Estrella Immunopharma, Inc."
PMN,"ProMIS Neurosciences, Inc."
FSI,"Flexible Solutions International, Inc."
TCS,"The Container Store Group, Inc."
LSF,"Laird Superfood, Inc."
EGIO,"Edgio, Inc."
BNGO,"Bionano Genomics, Inc."
DNMR,"Danimer Scientific, Inc."
DGHI,Digihost Technology Inc.
ECOR,"electroCore, Inc."
MMA,Alta Global Group Limited
WINV,WinVest Acquisition Corp.
LTRN,Lantern Pharma Inc.
XOS,"Xos, Inc."
IPW,iPower Inc.
GDST,Goldenstone Acquisition Limited
CVU,"CPI Aerostructures, Inc."
DECA,Denali Capital Acquisition Corp.
AP,Ampco-Pittsburgh Corporation
PBBK,"PB Bankshares, Inc."
HFBL,"Home Federal Bancorp, Inc. of Louisiana"
LINK,"Interlink Electronics, Inc."
ELBM,Electra Battery Materials Corporation
AREC,American Resources Corporation
ADRT,Ault Disruptive Technologies Corporation
MNDO,MIND C.T.I. Ltd
INUV,"Inuvo, Inc."
BGXX,Bright Green Corporation
RFL,"Rafael Holdings, Inc."
SNT,Senstar Technologies Corporation
PXLW,"Pixelworks, Inc."
NOTV,"Inotiv, Inc."
DYAI,"Dyadic International, Inc."
EBON,Ebang International Holdings Inc.
OKYO,OKYO Pharma Limited
WTMA,Welsbach Technology Metals Acquisition Corp.
IMRX,Immuneering Corporation
TOPS,Top Ships Inc.
CENN,Cenntro Inc.
VGAS,"Verde Clean Fuels, Inc."
CDTG,CDT Environmental Technology Investment Holdings Limited
MLEC,Moolec Science SA
XBP,"XBP Europe Holdings, Inc."
DSWL,"Deswell Industries, Inc."
WAVS,Western Acquisition Ventures Corp.
PHUN,"Phunware, Inc."
OCEA,"Ocean Biomedical, Inc."
VTVT,vTv Therapeutics Inc.
EVA,Enviva Inc.
RPID,"Rapid Micro Biosystems, Inc."
PODC,"PodcastOne, Inc."
XLO,"Xilio Therapeutics, Inc."
NTIP,"Network-1 Technologies, Inc."
GROW,"U.S. Global Investors, Inc."
RBOT,Vicarious Surgical Inc.
BHIL,"Benson Hill, Inc."
CLIR,ClearSign Technologies Corporation
CLPS,CLPS Incorporation
JRSH,"Jerash Holdings (US), Inc."
VSTE,Vast Renewables Limited
DFLI,Dragonfly Energy Holdings Corp.
REE,REE Automotive Ltd.
LTBR,Lightbridge Corporation
SYPR,"Sypris Solutions, Inc."
IZEA,"IZEA Worldwide, Inc."
GRRR,Gorilla Technology Group Inc.
CMMB,Chemomab Therapeutics Ltd.
MULN,"Mullen Automotive, Inc."
AIEV,"Thunder Power Holdings, Inc."
WYY,WidePoint Corporation
EQ,"Equillium, Inc."
TLF,"Tandy Leather Factory, Inc."
ACXP,"Acurx Pharmaceuticals, Inc."
BMTX,"BM Technologies, Inc."
MCAG,Mountain Crest Acquisition Corp. V
VTNR,"Vertex Energy, Inc."
MKTW,"MarketWise, Inc."
KSCP,"Knightscope, Inc."
LGCB,Linkage Global Inc
TOON,Kartoon Studios Inc.
SIF,"SIFCO Industries, Inc."
TURN,180 Degree Capital Corp.
POCI,"Precision Optics Corporation, Inc."
IRIX,IRIDEX Corporation
SCOR,"comScore, Inc."
AAME,Atlantic American Corporation
BPT,BP Prudhoe Bay Royalty Trust
UBXG,U-BX Technology Ltd.
SRZN,"Surrozen, Inc."
AEON,"AEON Biopharma, Inc."
NVNI,Nvni Group Limited
GORO,Gold Resource Corporation
XTLB,XTL Biopharmaceuticals Ltd.
NSYS,Nortech Systems Incorporated
FENG,Phoenix New Media Limited
TPCS,TechPrecision Corporation
GOVX,"GeoVax Labs, Inc."
CUE,"Cue Biopharma, Inc."
LUMO,"Lumos Pharma, Inc."
LGL,"The LGL Group, Inc."
SNAL,"Snail, Inc."
UNCY,"Unicycive Therapeutics, Inc."
GTIM,Good Times Restaurants Inc.
AZ,A2Z Cust2Mate Solutions Corp.
MOBX,"Mobix Labs, Inc."
WTO,UTime Limited
YYGH,YY Group Holding Limited
OCUP,"Ocuphire Pharma, Inc."
ICCM,IceCure Medical Ltd
INKT,"MiNK Therapeutics, Inc."
ORGS,Orgenesis Inc.
APWC,Asia Pacific Wire & Cable Corporation Limited
QH,Quhuo Limited
LGVN,Longeveron Inc.
CRIS,"Curis, Inc."
AGMH,AGM Group Holdings Inc.
SHFS,"SHF Holdings, Inc."
RAY,Raytech Holding Limited
NTWK,"NetSol Technologies, Inc."
GLBS,Globus Maritime Limited
ESGL,ESGL Holdings Limited
INDO,Indonesia Energy Corporation Limited
TWG,Top Wealth Group Holding Limited
ANTX,"AN2 Therapeutics, Inc."
DARE,"Dar√© Bioscience, Inc."
WWR,"Westwater Resources, Inc."
SVT,"Servotronics, Inc."
STRM,"Streamline Health Solutions, Inc."
QNCX,"Quince Therapeutics, Inc."
FTEK,"Fuel Tech, Inc."
MOVE,Movano Inc.
AXIL,"AXIL Brands, Inc."
MOGO,Mogo Inc.
TPST,"Tempest Therapeutics, Inc."
FGF,Fundamental Global Inc.
LICY,Li-Cycle Holdings Corp.
ATGL,Alpha Technology Group Limited
AIFF,"Firefly Neuroscience, Inc."
ICCC,ImmuCell Corporation
ADD,"Color Star Technology Co., Ltd."
QOMO,Qomolangma Acquisition Corp.
ICLK,iClick Interactive Asia Group Limited
CXAI,CXApp Inc.
KNW,"Know Labs, Inc."
ONMD,OneMedNet Corporation
STI,Solidion Technology Inc.
GAME,"GameSquare Holdings, Inc."
ACHL,Achilles Therapeutics plc
FTCI,"FTC Solar, Inc."
HUDI,"Huadi International Group Co., Ltd."
FRGT,"Freight Technologies, Inc."
ASPS,Altisource Portfolio Solutions S.A.
HOLO,MicroCloud Hologram Inc.
NCNC,noco-noco Inc.
DTCK,Davis Commodities Limited
SURG,"SurgePays, Inc."
NRBO,"NeuroBo Pharmaceuticals, Inc."
PLUR,Pluri Inc.
JOB,GEE Group Inc.
OESX,"Orion Energy Systems, Inc."
PTN,"Palatin Technologies, Inc."
BTM,Bitcoin Depot Inc.
RETO,"ReTo Eco-Solutions, Inc."
ALTS,ALT5 Sigma Corporation
VYNE,VYNE Therapeutics Inc.
CGBS,Crown LNG Holdings Limited
AQMS,"Aqua Metals, Inc."
KALA,"KALA BIO, Inc."
RVP,"Retractable Technologies, Inc."
HYFM,"Hydrofarm Holdings Group, Inc."
LFWD,ReWalk Robotics Ltd.
WHLM,"Wilhelmina International, Inc."
MRKR,"Marker Therapeutics, Inc."
CKX,"CKX Lands, Inc."
MNDR,Mobile-health Network Solutions
GTEC,Greenland Technologies Holding Corporation
EPOW,"Sunrise New Energy Co., Ltd."
VHC,VirnetX Holding Corporation
IXHL,Incannex Healthcare Inc.
OM,"Outset Medical, Inc."
GMM,Global Mofy Metaverse Limited
GANX,"Gain Therapeutics, Inc."
PZG,Paramount Gold Nevada Corp.
ATIP,"ATI Physical Therapy, Inc."
AREN,"The Arena Group Holdings, Inc."
MTEN,Mingteng International Corporation Inc.
IGC,"IGC Pharma, Inc."
CMLS,Cumulus Media Inc.
SABS,"SAB Biotherapeutics, Inc."
UBX,"Unity Biotechnology, Inc."
JG,Aurora Mobile Limited
MHUA,"Meihua International Medical Technologies Co., Ltd."
ENLV,Enlivex Therapeutics Ltd.
CGA,"China Green Agriculture, Inc."
RAVE,"Rave Restaurant Group, Inc."
CCM,Concord Medical Services Holdings Limited
ACST,Acasti Pharma Inc.
USEG,U.S. Energy Corp.
BOLT,"Bolt Biotherapeutics, Inc."
FEDU,Four Seasons Education (Cayman) Inc.
MIRA,"MIRA Pharmaceuticals, Inc."
CVV,CVD Equipment Corporation
PALT,"Paltalk, Inc."
LSTA,"Lisata Therapeutics, Inc."
EVTV,"Envirotech Vehicles, Inc."
STIM,"Neuronetics, Inc."
FEMY,Femasys Inc.
ZOOZ,ZOOZ Power Ltd.
CGTX,"Cognition Therapeutics, Inc."
NWGL,Nature Wood Group Limited
MDAI,"Spectral AI, Inc."
EKSO,"Ekso Bionics Holdings, Inc."
BTAI,"BioXcel Therapeutics, Inc."
BRN,"Barnwell Industries, Inc."
PSHG,Performance Shipping Inc.
GRYP,"Gryphon Digital Mining, Inc."
TKLF,"Yoshitsu Co., Ltd"
HLP,Hongli Group Inc.
RNXT,"RenovoRx, Inc."
TOI,"The Oncology Institute, Inc."
SOHO,Sotherly Hotels Inc.
BRLT,"Brilliant Earth Group, Inc."
DTST,Data Storage Corporation
VINC,"Vincerx Pharma, Inc."
GP,GreenPower Motor Company Inc.
BIOR,"Biora Therapeutics, Inc."
ITRM,Iterum Therapeutics plc
TRT,Trio-Tech International
NYC,American Strategic Investment Co.
CHR,"Cheer Holding, Inc."
AEHL,Antelope Enterprise Holdings Limited
BHAT,Blue Hat Interactive Entertainment Technology
NVA,Nova Minerals Limited
BTCM,BIT Mining Limited
IZM,ICZOOM Group Inc.
UTSI,UTStarcom Holdings Corp.
SGLY,Singularity Future Technology Ltd.
DALN,DallasNews Corporation
CNTM,"ConnectM Technology Solutions, Inc."
DRIO,DarioHealth Corp.
GBNY,"Generations Bancorp NY, Inc."
KFFB,Kentucky First Federal Bancorp
GORV,"Lazydays Holdings, Inc."
NXPL,NextPlat Corp
UCAR,U Power Limited
PIRS,"Pieris Pharmaceuticals, Inc."
MXC,Mexco Energy Corporation
LSH,Lakeside Holding Limited
LOCL,Local Bounti Corporation
NMTC,NeuroOne Medical Technologies Corporation
FPAY,"FlexShopper, Inc."
RNLX,Renalytix Plc
USEA,United Maritime Corporation
SWAG,"Stran & Company, Inc."
ATER,"Aterian, Inc."
HUDA,Hudson Acquisition I Corp.
VNCE,Vince Holding Corp.
MIGI,Mawson Infrastructure Group Inc.
PMEC,Primech Holdings Ltd.
YHGJ,Yunhong Green CTI Ltd.
BCLI,Brainstorm Cell Therapeutics Inc.
CACO,Caravelle International Group
DAIO,Data I/O Corporation
ILAG,Intelligent Living Application Group Inc.
GDHG,Golden Heaven Group Holdings Ltd.
OCC,Optical Cable Corporation
NRXS,"NeurAxis, Inc."
WAVE,Eco Wave Power Global AB (publ)
ICU,SeaStar Medical Holding Corporation
PXDT,"Pixie Dust Technologies, Inc."
ISPO,Inspirato Incorporated
INAB,"IN8bio, Inc."
MYNA,Mynaric AG
FCUV,Focus Universal Inc.
CHSN,Chanson International Holding
MRM,MEDIROM Healthcare Technologies Inc.
BANL,CBL International Limited
COOT,Australian Oilseeds Holdings Limited
IINN,Inspira Technologies Oxy B.H.N. Ltd.
NA,Nano Labs Ltd
AMIX,"Autonomix Medical, Inc."
AIRI,Air Industries Group
MEIP,"MEI Pharma, Inc."
SDOT,Sadot Group Inc.
PHGE,BiomX Inc.
NNVC,"NanoViricides, Inc."
ABVE,Above Food Ingredients Inc.
WETH,Wetouch Technology Inc.
CYTH,"Cyclo Therapeutics, Inc."
TXMD,"TherapeuticsMD, Inc."
XAIR,"Beyond Air, Inc."
JFU,9F Inc.
NEPH,"Nephros, Inc."
LPCN,Lipocine Inc.
COSM,Cosmos Health Inc.
KIRK,"Kirkland's, Inc."
CPSH,CPS Technologies Corporation
AMS,American Shared Hospital Services
SLNH,"Soluna Holdings, Inc."
APCX,AppTech Payments Corp.
BOF,BranchOut Food Inc.
SAI,SAI.TECH Global Corporation
AIM,AIM ImmunoTech Inc.
EZFL,EZFill Holdings Inc.
NXGL,"NEXGEL, Inc."
HOVR,New Horizon Aircraft Ltd.
SLGL,Sol-Gel Technologies Ltd.
SPRB,"Spruce Biosciences, Inc."
EQS,"Equus Total Return, Inc."
EVAX,Evaxion Biotech A/S
APRE,"Aprea Therapeutics, Inc."
PSIG,PS International Group Ltd.
JZ,Jianzhi Education Technology Group Company Limited
NRSN,NeuroSense Therapeutics Ltd.
BIAF,"bioAffinity Technologies, Inc."
IPA,ImmunoPrecise Antibodies Ltd.
NKGN,"NKGen Biotech, Inc."
LRE,"Lead Real Estate Co., Ltd"
LYRA,"Lyra Therapeutics, Inc."
AACG,ATA Creativity Global
MTNB,"Matinas BioPharma Holdings, Inc."
MSS,Maison Solutions Inc.
IHT,InnSuites Hospitality Trust
BFRG,"Bullfrog AI Holdings, Inc."
LOBO,Lobo EV Technologies Ltd.
NERV,"Minerva Neurosciences, Inc."
DUOT,"Duos Technologies Group, Inc."
ZPTA,Zapata Computing Holdings Inc.
BBGI,"Beasley Broadcast Group, Inc."
MKDW,MKDWELL Tech Inc.
GREE,Greenidge Generation Holdings Inc.
WVVI,"Willamette Valley Vineyards, Inc."
CPIX,Cumberland Pharmaceuticals Inc.
EDTK,Skillful Craftsman Education Technology Limited
MGIH,Millennium Group International Holdings Limited
FMST,Foremost Lithium Resource & Technology Ltd.
CNFR,"Conifer Holdings, Inc."
MOGU,MOGU Inc.
EVGN,Evogene Ltd.
CARA,"Cara Therapeutics, Inc."
HYZN,Hyzon Motors Inc.
CVR,Chicago Rivet & Machine Co.
ABTS,Abits Group Inc.
GHSI,"Guardion Health Sciences, Inc."
NRXP,"NRx Pharmaceuticals, Inc."
TAIT,Taitron Components Incorporated
EDUC,Educational Development Corporation
SUGP,SU Group Holdings Limited
SYBX,"Synlogic, Inc."
COCP,"Cocrystal Pharma, Inc."
ASTC,Astrotech Corporation
SBEV,"Splash Beverage Group, Inc."
WISA,"WiSA Technologies, Inc."
GDTC,CytoMed Therapeutics Limited
VRAX,Virax Biolabs Group Limited
STEC,Santech Holdings Limited
GYRO,"Gyrodyne, LLC"
VSEE,"VSee Health, Inc."
HCWB,HCW Biologics Inc.
MMV,MultiMetaVerse Holdings Limited
UGRO,"urban-gro, Inc."
LRHC,La Rosa Holdings Corp.
XELB,"Xcel Brands, Inc."
MCVT,"Mill City Ventures III, Ltd."
BTCS,BTCS Inc.
CJET,"Chijet Motor Company, Inc."
GNS,Genius Group Limited
PYPD,PolyPid Ltd.
LIQT,"LiqTech International, Inc."
BFLY,"Butterfly Network, Inc."
SERV,Serve Robotics Inc.
AFRI,Forafric Global PLC
ESEA,Euroseas Ltd.
EB,"Eventbrite, Inc."
HYLN,Hyliion Holdings Corp.
AZUL,Azul S.A.
FDBC,"Fidelity D & D Bancorp, Inc."
TPVG,TriplePoint Venture Growth BDC Corp.
SPOK,"Spok Holdings, Inc."
FNLC,"The First Bancorp, Inc."
LXFR,Luxfer Holdings PLC
UHG,"United Homes Group, Inc."
PEPG,PepGen Inc.
TBN,Tamboran Resources Corporation
TCRX,"TScan Therapeutics, Inc."
VNDA,Vanda Pharmaceuticals Inc.
SIMA,SIM Acquisition Corp. I
LWAY,"Lifeway Foods, Inc."
ANGO,"AngioDynamics, Inc."
PMTS,CPI Card Group Inc.
JBDI,JBDI Holdings Limited
MCFT,"MasterCraft Boat Holdings, Inc."
AKBA,"Akebia Therapeutics, Inc."
JSPR,"Jasper Therapeutics, Inc."
IBEX,IBEX Limited
GWRS,"Global Water Resources, Inc."
DOMO,"Domo, Inc."
VMD,"Viemed Healthcare, Inc."
ENGN,enGene Holdings Inc.
HMST,"HomeStreet, Inc."
DADA,Dada Nexus Limited
SBT,"Sterling Bancorp, Inc. (Southfield, MI)"
IPI,"Intrepid Potash, Inc."
DSX,Diana Shipping Inc.
AZI,Autozi Internet Technology (Global) Ltd.
SKYH,Sky Harbour Group Corporation
ARL,"American Realty Investors, Inc."
TMC,TMC the metals company Inc.
EDIT,"Editas Medicine, Inc."
RNAC,"Cartesian Therapeutics, Inc."
GRAF,Graf Global Corp.
BARK,"BARK, Inc."
RLGT,"Radiant Logistics, Inc."
IMMR,Immersion Corporation
PRLD,Prelude Therapeutics Incorporated
GMGI,"Golden Matrix Group, Inc."
FRST,Primis Financial Corp.
NEN,New England Realty Associates Limited Partnership
SMHI,SEACOR Marine Holdings Inc.
DOYU,DouYu International Holdings Limited
TECX,"Tectonic Therapeutic, Inc."
FLIC,The First of Long Island Corporation
USCB,"USCB Financial Holdings, Inc."
LX,LexinFintech Holdings Ltd.
GENC,"Gencor Industries, Inc."
LPAA,Launch One Acquisition Corp.
OOMA,"Ooma, Inc."
PGEN,"Precigen, Inc."
BMEA,"Biomea Fusion, Inc."
JFIN,Jiayin Group Inc.
NREF,"NexPoint Real Estate Finance, Inc."
WHF,"WhiteHorse Finance, Inc."
SSBK,"Southern States Bancshares, Inc."
COFS,"ChoiceOne Financial Services, Inc."
INGN,"Inogen, Inc."
APEI,"American Public Education, Inc."
PBFS,"Pioneer Bancorp, Inc."
TRUE,"TrueCar, Inc."
GHG,GreenTree Hospitality Group Ltd.
DSGN,"Design Therapeutics, Inc."
RNGR,"Ranger Energy Services, Inc."
SAVE,"Spirit Airlines, Inc."
PSTX,"Poseida Therapeutics, Inc."
PKE,Park Aerospace Corp.
HNRG,Hallador Energy Company
ADCT,ADC Therapeutics SA
HRTX,"Heron Therapeutics, Inc."
WSBF,"Waterstone Financial, Inc."
CAN,Canaan Inc.
CIVB,"Civista Bancshares, Inc."
NYXH,Nyxoah S.A.
BDSX,"Biodesix, Inc."
ARTV,"Artiva Biotherapeutics, Inc."
PCB,PCB Bancorp
PFMT,Performant Financial Corporation
QURE,uniQure N.V.
SFST,"Southern First Bancshares, Inc."
JAKK,"JAKKS Pacific, Inc."
CBAN,"Colony Bankcorp, Inc."
SLAM,Slam Corp.
MVBF,MVB Financial Corp.
JRVR,"James River Group Holdings, Ltd."
MTRX,Matrix Service Company
FF,FutureFuel Corp.
TTSH,"Tile Shop Holdings, Inc."
RZLT,"Rezolute, Inc."
EPIX,ESSA Pharma Inc.
NECB,"Northeast Community Bancorp, Inc."
PINE,"Alpine Income Property Trust, Inc."
LUNG,Pulmonx Corporation
ENTA,"Enanta Pharmaceuticals, Inc."
ONTF,"ON24, Inc."
JMSB,"John Marshall Bancorp, Inc."
MTA,Metalla Royalty & Streaming Ltd.
AOMR,"Angel Oak Mortgage REIT, Inc."
REAL,"The RealReal, Inc."
AMPY,Amplify Energy Corp.
SCPH,scPharmaceuticals Inc.
NATR,"Nature's Sunshine Products, Inc."
ACRV,"Acrivon Therapeutics, Inc."
CRVS,"Corvus Pharmaceuticals, Inc."
CPS,Cooper-Standard Holdings Inc.
NGS,"Natural Gas Services Group, Inc."
BLZE,"Backblaze, Inc."
NNE,NANO Nuclear Energy Inc.
DDD,3D Systems Corporation
ASLE,AerSale Corporation
TLS,Telos Corporation
CRNT,Ceragon Networks Ltd.
GILT,Gilat Satellite Networks Ltd.
AMRN,Amarin Corporation plc
SRG,Seritage Growth Properties
QRTEB,"Qurate Retail, Inc."
HOND,HCM II Acquisition Corp.
SVII,Spring Valley Acquisition Corp. II
ZURA,Zura Bio Limited
TCI,"Transcontinental Realty Investors, Inc."
SOPH,SOPHiA GENETICS SA
AEYE,"AudioEye, Inc."
PDLB,"Ponce Financial Group, Inc."
BETR,Better Home & Finance Holding Company
SERA,"Sera Prognostics, Inc."
BCML,BayCom Corp
CABA,"Cabaletta Bio, Inc."
UROY,Uranium Royalty Corp.
RENE,Cartesian Growth Corporation II
ZYXI,"Zynex, Inc."
FRGE,"Forge Global Holdings, Inc."
OB,Outbrain Inc.
CTV,Innovid Corp.
HLXB,Helix Acquisition Corp. II
TSBK,"Timberland Bancorp, Inc."
OZ,"Belpointe PREP, LLC"
IONR,ioneer Ltd
KNOP,KNOT Offshore Partners LP
SKIN,The Beauty Health Company
SGC,"Superior Group of Companies, Inc."
CTGO,"Contango Ore, Inc."
NBTX,Nanobiotix S.A.
CDXC,ChromaDex Corporation
PCYO,Pure Cycle Corporation
CMCL,Caledonia Mining Corporation Plc
ABEO,Abeona Therapeutics Inc.
PKBK,"Parke Bancorp, Inc."
CZFS,"Citizens Financial Services, Inc."
TOYO,"TOYO Co., Ltd"
NEWP,New Pacific Metals Corp.
PAYS,"Paysign, Inc."
TKNO,"Alpha Teknova, Inc."
AKA,a.k.a. Brands Holding Corp.
PLBC,Plumas Bancorp
PBPB,Potbelly Corporation
SLDP,"Solid Power, Inc."
RCEL,"AVITA Medical, Inc."
VIRC,Virco Mfg. Corporation
OMER,Omeros Corporation
QUAD,"Quad/Graphics, Inc."
TBI,"TrueBlue, Inc."
INBX,"Inhibrx Biosciences, Inc."
UTMD,"Utah Medical Products, Inc."
ORN,"Orion Group Holdings, Inc."
RIGL,"Rigel Pharmaceuticals, Inc."
OBIO,"Orchestra BioMed Holdings, Inc."
ZNTL,"Zentalis Pharmaceuticals, Inc."
BOOM,DMC Global Inc.
PNRG,PrimeEnergy Resources Corporation
LNKB,"LINKBANCORP, Inc."
CIO,"City Office REIT, Inc."
TCX,Tucows Inc.
XYF,X Financial
TTEC,"TTEC Holdings, Inc."
ARQ,"Arq, Inc."
FPH,"Five Point Holdings, LLC"
NKTR,Nektar Therapeutics
EGHT,"8x8, Inc."
SHIP,Seanergy Maritime Holdings Corp.
TSVT,"2seventy bio, Inc."
BPRN,"Princeton Bancorp, Inc."
BLFY,Blue Foundry Bancorp
ASUR,"Asure Software, Inc."
AMBI,Ambipar Emergency Response
MSB,Mesabi Trust
ONL,Orion Office REIT Inc.
CLLS,Cellectis S.A.
INSE,"Inspired Entertainment, Inc."
KFS,Kingsway Financial Services Inc.
RCKY,"Rocky Brands, Inc."
BLDE,"Blade Air Mobility, Inc."
CHMG,Chemung Financial Corporation
BWFG,"Bankwell Financial Group, Inc."
ALTG,Alta Equipment Group Inc.
WRN,Western Copper and Gold Corporation
ALCO,"Alico, Inc."
CNL,Collective Mining Ltd.
AIRS,"AirSculpt Technologies, Inc."
CLBR,Colombier Acquisition Corp. II
ONIT,Onity Group Inc.
VLN,Valens Semiconductor Ltd.
LCNB,LCNB Corp.
MACI,Melar Acquisition Corp. I
CHGG,"Chegg, Inc."
LFMD,"LifeMD, Inc."
EVI,"EVI Industries, Inc."
OVLY,Oak Valley Bancorp
MITT,"AG Mortgage Investment Trust, Inc."
TRVI,"Trevi Therapeutics, Inc."
QRTEA,"Qurate Retail, Inc."
SLI,Standard Lithium Ltd.
CMPX,"Compass Therapeutics, Inc."
AFCG,"AFC Gamma, Inc."
VABK,Virginia National Bankshares Corporation
GROY,Gold Royalty Corp.
GNFT,Genfit S.A.
SWKH,SWK Holdings Corporation
PGHL,Primega Group Holdings Limited
IHRT,"iHeartMedia, Inc."
FSTR,L.B. Foster Company
FVCB,"FVCBankcorp, Inc."
ORGN,"Origin Materials, Inc."
MGNX,"MacroGenics, Inc."
FLXS,"Flexsteel Industries, Inc."
PROF,Profound Medical Corp.
MBCN,Middlefield Banc Corp.
NPCE,"NeuroPace, Inc."
FFNW,"First Financial Northwest, Inc."
GASS,StealthGas Inc.
PYXS,"Pyxis Oncology, Inc."
KVAC,Keen Vision Acquisition Corporation
PROC,Procaps Group S.A.
IVCB,Investcorp Europe Acquisition Corp I
NWFL,Norwood Financial Corp.
CDZI,Cadiz Inc.
RCAT,"Red Cat Holdings, Inc."
FET,"Forum Energy Technologies, Inc."
GTE,Gran Tierra Energy Inc.
TG,Tredegar Corporation
ATAI,Atai Life Sciences N.V.
RGCO,"RGC Resources, Inc."
FCEL,"FuelCell Energy, Inc."
AGBA,AGBA Group Holding Limited
SEVN,Seven Hills Realty Trust
RMAX,"RE/MAX Holdings, Inc."
BRBS,"Blue Ridge Bankshares, Inc."
GHIX,"Gores Holdings IX, Inc."
BCBP,"BCB Bancorp, Inc."
MED,"Medifast, Inc."
CDXS,"Codexis, Inc."
LANV,Lanvin Group Holdings Limited
ARAY,Accuray Incorporated
DC,Dakota Gold Corp.
EXFY,"Expensify, Inc."
IRBT,iRobot Corporation
SNFCA,Security National Financial Corporation
NC,"NACCO Industries, Inc."
SPIR,"Spire Global, Inc."
SENS,"Senseonics Holdings, Inc."
NVRO,Nevro Corp.
MOLN,Molecular Partners AG
HQI,"HireQuest, Inc."
STRS,Stratus Properties Inc.
POET,POET Technologies Inc.
CADL,"Candel Therapeutics, Inc."
EGAN,eGain Corporation
VXRT,"Vaxart, Inc."
BHR,Braemar Hotels & Resorts Inc.
GOSS,"Gossamer Bio, Inc."
EVBN,"Evans Bancorp, Inc."
CVRX,"CVRx, Inc."
TNYA,"Tenaya Therapeutics, Inc."
PERF,Perfect Corp.
MVIS,"MicroVision, Inc."
VSTA,Vasta Platform Limited
STXS,"Stereotaxis, Inc."
RYDE,Ryde Group Ltd
GPRO,"GoPro, Inc."
BTMD,biote Corp.
INSG,Inseego Corp.
DIBS,"1stdibs.Com, Inc."
QBTS,D-Wave Quantum Inc.
EML,The Eastern Company
WNEB,"Western New England Bancorp, Inc."
OXSQ,Oxford Square Capital Corp.
IPHA,Innate Pharma S.A.
BSII,Black Spade Acquisition II Co
IVCA,Investcorp India Acquisition Corp
OGI,Organigram Holdings Inc.
SLND,"Southland Holdings, Inc."
TPIC,"TPI Composites, Inc."
NVX,NOVONIX Limited
FUNC,First United Corporation
OPBK,OP Bancorp
SBXC,SilverBox Corp III
NAK,Northern Dynasty Minerals Ltd.
MYFW,"First Western Financial, Inc."
CFFI,C&F Financial Corporation
BTOC,Armlogi Holding Corp.
MDWD,MediWound Ltd.
MYPS,"PLAYSTUDIOS, Inc."
EMX,EMX Royalty Corporation
ESCA,"Escalade, Incorporated"
CNTX,Context Therapeutics Inc.
GAUZ,Gauzy Ltd.
SKYE,"Skye Bioscience, Inc."
ISTR,Investar Holding Corporation
MBI,MBIA Inc.
NKSH,"National Bankshares, Inc."
FSP,Franklin Street Properties Corp.
TBRG,"TruBridge, Inc."
IDR,"Idaho Strategic Resources, Inc."
SPCE,"Virgin Galactic Holdings, Inc."
EVC,Entravision Communications Corporation
CYBN,Cybin Inc.
NNBR,"NN, Inc."
HCVI,Hennessy Capital Investment Corp. VI
CPSS,"Consumer Portfolio Services, Inc."
SANG,Sangoma Technologies Corporation
MRSN,"Mersana Therapeutics, Inc."
GLSI,"Greenwich LifeSciences, Inc."
CGEN,Compugen Ltd.
NOTE,"FiscalNote Holdings, Inc."
STHO,Star Holdings
LAKE,"Lakeland Industries, Inc."
AVD,American Vanguard Corporation
TAYD,"Taylor Devices, Inc."
HFFG,HF Foods Group Inc.
XBIT,XBiotech Inc.
OTLK,"Outlook Therapeutics, Inc."
CDLX,"Cardlytics, Inc."
TUSK,"Mammoth Energy Services, Inc."
LEV,The Lion Electric Company
EARN,Ellington Credit Company
MX,Magnachip Semiconductor Corporation
PVBC,"Provident Bancorp, Inc."
EVTL,Vertical Aerospace Ltd.
SKGR,SK Growth Opportunities Corporation
SSTI,"SoundThinking, Inc."
FLL,"Full House Resorts, Inc."
MFIN,Medallion Financial Corp.
MRCC,Monroe Capital Corporation
SPKL,Spark I Acquisition Corporation
CRBU,"Caribou Biosciences, Inc."
TWIN,"Twin Disc, Incorporated"
QRHC,Quest Resource Holding Corporation
NMG,Nouveau Monde Graphite Inc.
ATOS,"Atossa Therapeutics, Inc."
PTMN,Portman Ridge Finance Corporation
INO,"Inovio Pharmaceuticals, Inc."
BRKH,BurTech Acquisition Corp.
DSP,Viant Technology Inc.
ESSA,"ESSA Bancorp, Inc."
STTK,"Shattuck Labs, Inc."
LCTX,"Lineage Cell Therapeutics, Inc."
POWW,"AMMO, Inc."
ODV,Osisko Development Corp.
DMAC,DiaMedica Therapeutics Inc.
FINW,FinWise Bancorp
SMLR,"Semler Scientific, Inc."
API,"Agora, Inc."
BLNK,Blink Charging Co.
GEVO,"Gevo, Inc."
SMID,Smith-Midland Corporation
RRAC,Rigel Resource Acquisition Corp.
CANG,Cango Inc.
RELL,"Richardson Electronics, Ltd."
MHLD,"Maiden Holdings, Ltd."
HWBK,"Hawthorn Bancshares, Inc."
EAF,GrafTech International Ltd.
JYNT,The Joint Corp.
SGMO,"Sangamo Therapeutics, Inc."
LCW,Learn CW Investment Corporation
MCAA,Mountain & Co. I Acquisition Corp.
KLTR,"Kaltura, Inc."
AILE,"iLearningEngines, Inc."
CSTE,Caesarstone Ltd.
PROP,Prairie Operating Co.
FCCO,First Community Corporation
ELLO,Ellomay Capital Ltd.
RILY,"B. Riley Financial, Inc."
BVFL,"BV Financial, Inc."
ATLO,Ames National Corporation
HOFT,Hooker Furnishings Corporation
FSFG,"First Savings Financial Group, Inc."
GLDG,GoldMining Inc.
ASPI,ASP Isotopes Inc.
BKSY,BlackSky Technology Inc.
ALCY,Alchemy Investments Acquisition Corp 1
GUTS,"Fractyl Health, Inc."
FREY,"FREYR Battery, Inc."
ULBI,Ultralife Corporation
PWOD,"Penns Woods Bancorp, Inc."
EPM,Evolution Petroleum Corporation
HITI,High Tide Inc.
ARBE,Arbe Robotics Ltd.
ACU,Acme United Corporation
AHG,Akso Health Group
EVE,EVe Mobility Acquisition Corp
RGTI,"Rigetti Computing, Inc."
DRTS,Alpha Tau Medical Ltd.
CLAR,Clarus Corporation
MDIA,MediaCo Holding Inc.
DOUG,Douglas Elliman Inc.
TATT,TAT Technologies Ltd.
MPLN,MultiPlan Corporation
EP,Empire Petroleum Corporation
IBAC,IB Acquisition Corp.
PESI,"Perma-Fix Environmental Services, Inc."
SSP,The E.W. Scripps Company
EM,Smart Share Global Limited
III,"Information Services Group, Inc."
DXLG,"Destination XL Group, Inc."
ESOA,Energy Services of America Corporation
VRA,"Vera Bradley, Inc."
ACTU,"Actuate Therapeutics, Inc."
FTEL,Fitell Corporation
RMNI,"Rimini Street, Inc."
TSE,Trinseo PLC
GBIO,Generation Bio Co.
FLD,FTAC Emerald Acquisition Corp.
ESHA,ESH Acquisition Corp.
PRQR,ProQR Therapeutics N.V.
ME,23andMe Holding Co.
SCWO,374Water Inc.
SHMD,SCHMID Group N.V.
YIBO,Planet Image International Limited
SEG,Seaport Entertainment Group Inc.
SJT,San Juan Basin Royalty Trust
CMT,"Core Molding Technologies, Inc."
EUDA,EUDA Health Holdings Limited
TSQ,"Townsquare Media, Inc."
VTYX,"Ventyx Biosciences, Inc."
GALT,Galectin Therapeutics Inc.
FTLF,"FitLife Brands, Inc."
FENC,Fennec Pharmaceuticals Inc.
KNDI,"Kandi Technologies Group, Inc."
BRLS,Borealis Foods Inc.
RFAI,RF Acquisition Corp II
LVO,"LiveOne, Inc."
CIA,"Citizens, Inc."
CHRS,"Coherus BioSciences, Inc."
MOND,"Mondee Holdings, Inc."
MDV,"Modiv Industrial, Inc."
PLL,Piedmont Lithium Inc.
PEBK,"Peoples Bancorp of North Carolina, Inc."
SAMG,Silvercrest Asset Management Group Inc.
OPTN,"OptiNose, Inc."
RDCM,RADCOM Ltd.
LCUT,"Lifetime Brands, Inc."
RCMT,"RCM Technologies, Inc."
DLHC,DLH Holdings Corp.
TLYS,"Tilly's, Inc."
RAIL,"FreightCar America, Inc."
SNCR,"Synchronoss Technologies, Inc."
RTC,Baijiayun Group Ltd
TLSI,"TriSalus Life Sciences, Inc."
STRT,Strattec Security Corporation
WILC,G. Willi-Food International Ltd.
KEQU,Kewaunee Scientific Corporation
ACHV,"Achieve Life Sciences, Inc."
BCSA,Blockchain Coinvestors Acquisition Corp. I
ARC,"ARC Document Solutions, Inc."
BANX,ArrowMark Financial Corp.
ELMD,"Electromed, Inc."
BFIN,BankFinancial Corporation
ABOS,"Acumen Pharmaceuticals, Inc."
SCLX,Scilex Holding Company
LGCL,Lucas GC Limited
ISRL,Israel Acquisitions Corp
RMBL,"RumbleOn, Inc."
TSAT,Telesat Corporation
FRAF,Franklin Financial Services Corporation
NIU,Niu Technologies
AMLX,"Amylyx Pharmaceuticals, Inc."
ATLX,Atlas Lithium Corporation
DM,"Desktop Metal, Inc."
AJX,Great Ajax Corp.
CAPR,"Capricor Therapeutics, Inc."
TELO,"Telomir Pharmaceuticals, Inc."
ADVM,"Adverum Biotechnologies, Inc."
MMLP,Martin Midstream Partners L.P.
NRGV,"Energy Vault Holdings, Inc."
CRVO,CervoMed Inc.
SFBC,"Sound Financial Bancorp, Inc."
UBFO,United Security Bancshares
TRVG,trivago N.V.
DTI,Drilling Tools International Corporation
CZWI,"Citizens Community Bancorp, Inc."
OPRX,OptimizeRx Corporation
ATEK,Athena Technology Acquisition Corp. II
CFBK,CF Bankshares Inc.
